"AssetDir","ImageCount","BoardPath","BoardJsonName","BoardImageCount","NeedsWork"
"Characters\Arabian and Middle Eastern Tales","5","C:\Users\Craig\Downloads\Charlie Chat\lib\data\boards\Legends\Characters\Arabian and Middle Eastern Tales","prebuilt_arabian_middle_eastern_tales.json","0","True"
"Characters\Arthurian Legend","21","C:\Users\Craig\Downloads\Charlie Chat\lib\data\boards\Legends\Characters\Arthurian Legend","prebuilt_arthurian_legend.json","0","True"
"Characters\Asian Legends and Folklore","14","C:\Users\Craig\Downloads\Charlie Chat\lib\data\boards\Legends\Characters\Asian Legends and Folklore","prebuilt_asian_legends_folklore.json","0","True"
"Characters\Biblical and Ancient Legendary Figures","12","C:\Users\Craig\Downloads\Charlie Chat\lib\data\boards\Legends\Characters\Biblical and Ancient Legendary Figures","",,"True"
"Characters\Books","49","C:\Users\Craig\Downloads\Charlie Chat\lib\data\boards\Legends\Characters\Books","",,"True"
"Characters\Computer Games","87","C:\Users\Craig\Downloads\Charlie Chat\lib\data\boards\Legends\Characters\Computer Games","prebuilt_computer_games.json","0","True"
"Characters\Creatures and Races","42","C:\Users\Craig\Downloads\Charlie Chat\lib\data\boards\Legends\Characters\Creatures and Races","",,"True"
"Characters\Famous Monsters and Horror Icons","5","C:\Users\Craig\Downloads\Charlie Chat\lib\data\boards\Legends\Characters\Famous Monsters and Horror Icons","prebuilt_famous_monsters_horror_icons.json","0","True"
"Characters\Heroes and Monsters (Greek and Roman)","37","C:\Users\Craig\Downloads\Charlie Chat\lib\data\boards\Legends\Characters\Heroes and Monsters (Greek and Roman)","prebuilt_heroes_monsters_greek_roman.json","0","True"
"Characters\Legendary Heroes and Folk Heroes","16","C:\Users\Craig\Downloads\Charlie Chat\lib\data\boards\Legends\Characters\Legendary Heroes and Folk Heroes","prebuilt_legendary_heroes_folk_heroes.json","0","True"
"Characters\Literary and Gothic Characters","28","C:\Users\Craig\Downloads\Charlie Chat\lib\data\boards\Legends\Characters\Literary and Gothic Characters","prebuilt_literary_gothic_characters.json","0","True"
"Characters\Robin Hood and English Folklore","10","C:\Users\Craig\Downloads\Charlie Chat\lib\data\boards\Legends\Characters\Robin Hood and English Folklore","",,"True"
"Characters\Star Trek","14","C:\Users\Craig\Downloads\Charlie Chat\lib\data\boards\Legends\Characters\Star Trek","prebuilt_star_trek.json","0","True"
"Characters\Star Wars","50","C:\Users\Craig\Downloads\Charlie Chat\lib\data\boards\Legends\Characters\Star Wars","prebuilt_star_wars.json","0","True"
"Characters\The Lord Of The Rings","4","C:\Users\Craig\Downloads\Charlie Chat\lib\data\boards\Legends\Characters\The Lord Of The Rings","prebuilt_the_lord_of_the_rings.json","0","True"
"Characters\The Muppets","37","C:\Users\Craig\Downloads\Charlie Chat\lib\data\boards\Legends\Characters\The Muppets","prebuilt_the_muppets.json","0","True"
"Characters\X-Men","1","C:\Users\Craig\Downloads\Charlie Chat\lib\data\boards\Legends\Characters\X-Men","prebuilt_x_men.json","0","True"
"Characters\DC\Aquaman","6","C:\Users\Craig\Downloads\Charlie Chat\lib\data\boards\Legends\Characters\DC\Aquaman","",,"True"
"Characters\DC\Bat Family","46","C:\Users\Craig\Downloads\Charlie Chat\lib\data\boards\Legends\Characters\DC\Bat Family","",,"True"
"Characters\DC\Doom Patrol","13","C:\Users\Craig\Downloads\Charlie Chat\lib\data\boards\Legends\Characters\DC\Doom Patrol","",,"True"
"Characters\DC\Green Arrow","14","C:\Users\Craig\Downloads\Charlie Chat\lib\data\boards\Legends\Characters\DC\Green Arrow","",,"True"
"Characters\DC\Green Lantern","17","C:\Users\Craig\Downloads\Charlie Chat\lib\data\boards\Legends\Characters\DC\Green Lantern","",,"True"
"Characters\DC\Justice League","11","C:\Users\Craig\Downloads\Charlie Chat\lib\data\boards\Legends\Characters\DC\Justice League","",,"True"
"Characters\DC\Justice League Dark  Supernatural","8","C:\Users\Craig\Downloads\Charlie Chat\lib\data\boards\Legends\Characters\DC\Justice League Dark  Supernatural","",,"True"
"Characters\DC\Justice Society Of America (JSA)","8","C:\Users\Craig\Downloads\Charlie Chat\lib\data\boards\Legends\Characters\DC\Justice Society Of America (JSA)","",,"True"
"Characters\DC\Legends Of Tomorrow","22","C:\Users\Craig\Downloads\Charlie Chat\lib\data\boards\Legends\Characters\DC\Legends Of Tomorrow","",,"True"
"Characters\DC\New Gods, Apokolips and Cosmic Villains","9","C:\Users\Craig\Downloads\Charlie Chat\lib\data\boards\Legends\Characters\DC\New Gods, Apokolips and Cosmic Villains","",,"True"
"Characters\DC\Other Teams","4","C:\Users\Craig\Downloads\Charlie Chat\lib\data\boards\Legends\Characters\DC\Other Teams","",,"True"
"Characters\DC\Shazam","7","C:\Users\Craig\Downloads\Charlie Chat\lib\data\boards\Legends\Characters\DC\Shazam","",,"True"
"Characters\DC\Super Family","15","C:\Users\Craig\Downloads\Charlie Chat\lib\data\boards\Legends\Characters\DC\Super Family","",,"True"
"Characters\DC\Teen Titans","7","C:\Users\Craig\Downloads\Charlie Chat\lib\data\boards\Legends\Characters\DC\Teen Titans","",,"True"
"Characters\DC\The Flash","34","C:\Users\Craig\Downloads\Charlie Chat\lib\data\boards\Legends\Characters\DC\The Flash","",,"True"
"Characters\DC\Wonder Woman","10","C:\Users\Craig\Downloads\Charlie Chat\lib\data\boards\Legends\Characters\DC\Wonder Woman","",,"True"
"Characters\Disney Stories\1937 Snow White and The Seven Dwarfs","10","C:\Users\Craig\Downloads\Charlie Chat\lib\data\boards\Legends\Characters\Disney Stories\1937 Snow White and The Seven Dwarfs","prebuilt_1937_snow_white_the_seven_dwarfs.json","0","True"
"Characters\Disney Stories\1953 Peter Pan","9","C:\Users\Craig\Downloads\Charlie Chat\lib\data\boards\Legends\Characters\Disney Stories\1953 Peter Pan","prebuilt_1953_peter_pan.json","0","True"
"Characters\Disney Stories\1955 Lady and The Tramp","8","C:\Users\Craig\Downloads\Charlie Chat\lib\data\boards\Legends\Characters\Disney Stories\1955 Lady and The Tramp","prebuilt_1955_lady_the_tramp.json","0","True"
"Characters\Disney Stories\1959 Sleeping Beauty","9","C:\Users\Craig\Downloads\Charlie Chat\lib\data\boards\Legends\Characters\Disney Stories\1959 Sleeping Beauty","prebuilt_1959_sleeping_beauty.json","0","True"
"Characters\Disney Stories\1961 101 Dalmatians","10","C:\Users\Craig\Downloads\Charlie Chat\lib\data\boards\Legends\Characters\Disney Stories\1961 101 Dalmatians","prebuilt_1961_101_dalmatians.json","0","True"
"Characters\Disney Stories\1963 The Sword In The Stone","9","C:\Users\Craig\Downloads\Charlie Chat\lib\data\boards\Legends\Characters\Disney Stories\1963 The Sword In The Stone","prebuilt_1963_the_sword_in_the_stone.json","0","True"
"Characters\Disney Stories\1967 The Jungle Book","9","C:\Users\Craig\Downloads\Charlie Chat\lib\data\boards\Legends\Characters\Disney Stories\1967 The Jungle Book","prebuilt_1967_the_jungle_book.json","0","True"
"Characters\Disney Stories\1970 The Aristocats","12","C:\Users\Craig\Downloads\Charlie Chat\lib\data\boards\Legends\Characters\Disney Stories\1970 The Aristocats","prebuilt_1970_the_aristocats.json","0","True"
"Characters\Disney Stories\1973 Robin Hood","10","C:\Users\Craig\Downloads\Charlie Chat\lib\data\boards\Legends\Characters\Disney Stories\1973 Robin Hood","prebuilt_1973_robin_hood.json","0","True"
"Characters\Disney Stories\1977 The Rescuers","9","C:\Users\Craig\Downloads\Charlie Chat\lib\data\boards\Legends\Characters\Disney Stories\1977 The Rescuers","prebuilt_1977_the_rescuers.json","0","True"
"Characters\Disney Stories\1977 Winnie The Pooh","9","C:\Users\Craig\Downloads\Charlie Chat\lib\data\boards\Legends\Characters\Disney Stories\1977 Winnie The Pooh","prebuilt_1977_winnie_the_pooh.json","0","True"
"Characters\Disney Stories\1981 The Fox and The Hound","12","C:\Users\Craig\Downloads\Charlie Chat\lib\data\boards\Legends\Characters\Disney Stories\1981 The Fox and The Hound","prebuilt_1981_the_fox_the_hound.json","0","True"
"Characters\Disney Stories\1985 The Black Cauldron","12","C:\Users\Craig\Downloads\Charlie Chat\lib\data\boards\Legends\Characters\Disney Stories\1985 The Black Cauldron","prebuilt_1985_the_black_cauldron.json","0","True"
"Characters\Disney Stories\1986 The Great Mouse Detective","10","C:\Users\Craig\Downloads\Charlie Chat\lib\data\boards\Legends\Characters\Disney Stories\1986 The Great Mouse Detective","prebuilt_1986_the_great_mouse_detective.json","0","True"
"Characters\Disney Stories\1988 Oliver and Company","12","C:\Users\Craig\Downloads\Charlie Chat\lib\data\boards\Legends\Characters\Disney Stories\1988 Oliver and Company","prebuilt_1988_oliver_company.json","0","True"
"Characters\Disney Stories\1989 The Little Mermaid","11","C:\Users\Craig\Downloads\Charlie Chat\lib\data\boards\Legends\Characters\Disney Stories\1989 The Little Mermaid","prebuilt_1989_the_little_mermaid.json","0","True"
"Characters\Disney Stories\1991 Beauty and The Beast","10","C:\Users\Craig\Downloads\Charlie Chat\lib\data\boards\Legends\Characters\Disney Stories\1991 Beauty and The Beast","prebuilt_1991_beauty_the_beast.json","0","True"
"Characters\Disney Stories\1992 Aladdin","9","C:\Users\Craig\Downloads\Charlie Chat\lib\data\boards\Legends\Characters\Disney Stories\1992 Aladdin","prebuilt_1992_aladdin.json","0","True"
"Characters\Disney Stories\1993 The Nightmare Before Christmas","8","C:\Users\Craig\Downloads\Charlie Chat\lib\data\boards\Legends\Characters\Disney Stories\1993 The Nightmare Before Christmas","prebuilt_1993_the_nightmare_before_christmas.json","0","True"
"Characters\Disney Stories\1994 The Lion King","11","C:\Users\Craig\Downloads\Charlie Chat\lib\data\boards\Legends\Characters\Disney Stories\1994 The Lion King","prebuilt_1994_the_lion_king.json","0","True"
"Characters\Disney Stories\1995 Pocahontas","10","C:\Users\Craig\Downloads\Charlie Chat\lib\data\boards\Legends\Characters\Disney Stories\1995 Pocahontas","prebuilt_1995_pocahontas.json","0","True"
"Characters\Disney Stories\1995 Toy Story","15","C:\Users\Craig\Downloads\Charlie Chat\lib\data\boards\Legends\Characters\Disney Stories\1995 Toy Story","prebuilt_1995_toy_story.json","0","True"
"Characters\Disney Stories\1996 The Hunchback Of Notre Dame","8","C:\Users\Craig\Downloads\Charlie Chat\lib\data\boards\Legends\Characters\Disney Stories\1996 The Hunchback Of Notre Dame","prebuilt_1996_the_hunchback_of_notre_dame.json","0","True"
"Characters\Disney Stories\1997 Hercules","33","C:\Users\Craig\Downloads\Charlie Chat\lib\data\boards\Legends\Characters\Disney Stories\1997 Hercules","prebuilt_1997_hercules.json","0","True"
"Characters\Disney Stories\1998 A Bug's Life","14","C:\Users\Craig\Downloads\Charlie Chat\lib\data\boards\Legends\Characters\Disney Stories\1998 A Bug's Life","prebuilt_1998_a_bug_s_life.json","0","True"
"Characters\Disney Stories\1998 Mulan","9","C:\Users\Craig\Downloads\Charlie Chat\lib\data\boards\Legends\Characters\Disney Stories\1998 Mulan","prebuilt_1998_mulan.json","0","True"
"Characters\Disney Stories\1999 Tarzan","9","C:\Users\Craig\Downloads\Charlie Chat\lib\data\boards\Legends\Characters\Disney Stories\1999 Tarzan","prebuilt_1999_tarzan.json","0","True"
"Characters\Disney Stories\2000 Dinosaur","13","C:\Users\Craig\Downloads\Charlie Chat\lib\data\boards\Legends\Characters\Disney Stories\2000 Dinosaur","prebuilt_2000_dinosaur.json","0","True"
"Characters\Disney Stories\2000 The Emperor's New Groove","12","C:\Users\Craig\Downloads\Charlie Chat\lib\data\boards\Legends\Characters\Disney Stories\2000 The Emperor's New Groove","prebuilt_2000_the_emperor_s_new_groove.json","0","True"
"Characters\Disney Stories\2001 Atlantis - The Lost Empire","12","C:\Users\Craig\Downloads\Charlie Chat\lib\data\boards\Legends\Characters\Disney Stories\2001 Atlantis - The Lost Empire","prebuilt_2001_atlantis_the_lost_empire.json","0","True"
"Characters\Disney Stories\2001 Monsters, Inc","21","C:\Users\Craig\Downloads\Charlie Chat\lib\data\boards\Legends\Characters\Disney Stories\2001 Monsters, Inc","prebuilt_2001_monsters_inc.json","0","True"
"Characters\Disney Stories\2002 Lilo and Stitch","11","C:\Users\Craig\Downloads\Charlie Chat\lib\data\boards\Legends\Characters\Disney Stories\2002 Lilo and Stitch","prebuilt_2002_lilo_stitch.json","0","True"
"Characters\Disney Stories\2002 Treasure Planet","9","C:\Users\Craig\Downloads\Charlie Chat\lib\data\boards\Legends\Characters\Disney Stories\2002 Treasure Planet","prebuilt_2002_treasure_planet.json","0","True"
"Characters\Disney Stories\2003 Brother Bear","18","C:\Users\Craig\Downloads\Charlie Chat\lib\data\boards\Legends\Characters\Disney Stories\2003 Brother Bear","prebuilt_2003_brother_bear.json","0","True"
"Characters\Disney Stories\2003 Finding Nemo","12","C:\Users\Craig\Downloads\Charlie Chat\lib\data\boards\Legends\Characters\Disney Stories\2003 Finding Nemo","prebuilt_2003_finding_nemo.json","0","True"
"Characters\Disney Stories\2004 Home On The Range","12","C:\Users\Craig\Downloads\Charlie Chat\lib\data\boards\Legends\Characters\Disney Stories\2004 Home On The Range","prebuilt_2004_home_on_the_range.json","0","True"
"Characters\Disney Stories\2004 The Incredibles","19","C:\Users\Craig\Downloads\Charlie Chat\lib\data\boards\Legends\Characters\Disney Stories\2004 The Incredibles","prebuilt_2004_the_incredibles.json","0","True"
"Characters\Disney Stories\2005 Chicken Little","11","C:\Users\Craig\Downloads\Charlie Chat\lib\data\boards\Legends\Characters\Disney Stories\2005 Chicken Little","prebuilt_2005_chicken_little.json","0","True"
"Characters\Disney Stories\2006 Cars","12","C:\Users\Craig\Downloads\Charlie Chat\lib\data\boards\Legends\Characters\Disney Stories\2006 Cars","prebuilt_2006_cars.json","0","True"
"Characters\Disney Stories\2007 Meet The Robinsons","14","C:\Users\Craig\Downloads\Charlie Chat\lib\data\boards\Legends\Characters\Disney Stories\2007 Meet The Robinsons","prebuilt_2007_meet_the_robinsons.json","0","True"
"Characters\Disney Stories\2007 Ratatouille","12","C:\Users\Craig\Downloads\Charlie Chat\lib\data\boards\Legends\Characters\Disney Stories\2007 Ratatouille","prebuilt_2007_ratatouille.json","0","True"
"Characters\Disney Stories\2008 Bolt","8","C:\Users\Craig\Downloads\Charlie Chat\lib\data\boards\Legends\Characters\Disney Stories\2008 Bolt","prebuilt_2008_bolt.json","0","True"
"Characters\Disney Stories\2008 WALL-E","9","C:\Users\Craig\Downloads\Charlie Chat\lib\data\boards\Legends\Characters\Disney Stories\2008 WALL-E","prebuilt_2008_wall_e.json","0","True"
"Characters\Disney Stories\2009 The Princess and The Frog","10","C:\Users\Craig\Downloads\Charlie Chat\lib\data\boards\Legends\Characters\Disney Stories\2009 The Princess and The Frog","prebuilt_2009_the_princess_the_frog.json","0","True"
"Characters\Disney Stories\2009 Up","9","C:\Users\Craig\Downloads\Charlie Chat\lib\data\boards\Legends\Characters\Disney Stories\2009 Up","prebuilt_2009_up.json","0","True"
"Characters\Disney Stories\2010 Tangled","12","C:\Users\Craig\Downloads\Charlie Chat\lib\data\boards\Legends\Characters\Disney Stories\2010 Tangled","prebuilt_2010_tangled.json","0","True"
"Characters\Disney Stories\2012 Brave","9","C:\Users\Craig\Downloads\Charlie Chat\lib\data\boards\Legends\Characters\Disney Stories\2012 Brave","prebuilt_2012_brave.json","0","True"
"Characters\Disney Stories\2012 Wreck-It Ralph","9","C:\Users\Craig\Downloads\Charlie Chat\lib\data\boards\Legends\Characters\Disney Stories\2012 Wreck-It Ralph","prebuilt_2012_wreck_it_ralph.json","0","True"
"Characters\Disney Stories\2013 Frozen","28","C:\Users\Craig\Downloads\Charlie Chat\lib\data\boards\Legends\Characters\Disney Stories\2013 Frozen","prebuilt_2013_frozen.json","0","True"
"Characters\Disney Stories\2014 Big Hero 6","15","C:\Users\Craig\Downloads\Charlie Chat\lib\data\boards\Legends\Characters\Disney Stories\2014 Big Hero 6","prebuilt_2014_big_hero_6.json","0","True"
"Characters\Disney Stories\2015 Inside Out","15","C:\Users\Craig\Downloads\Charlie Chat\lib\data\boards\Legends\Characters\Disney Stories\2015 Inside Out","prebuilt_2015_inside_out.json","0","True"
"Characters\Disney Stories\2015 The Good Dinosaur","12","C:\Users\Craig\Downloads\Charlie Chat\lib\data\boards\Legends\Characters\Disney Stories\2015 The Good Dinosaur","prebuilt_2015_the_good_dinosaur.json","0","True"
"Characters\Disney Stories\2016 Moana","15","C:\Users\Craig\Downloads\Charlie Chat\lib\data\boards\Legends\Characters\Disney Stories\2016 Moana","prebuilt_2016_moana.json","0","True"
"Characters\Disney Stories\2016 Zootopia","15","C:\Users\Craig\Downloads\Charlie Chat\lib\data\boards\Legends\Characters\Disney Stories\2016 Zootopia","prebuilt_2016_zootopia.json","0","True"
"Characters\Disney Stories\2017 Coco","10","C:\Users\Craig\Downloads\Charlie Chat\lib\data\boards\Legends\Characters\Disney Stories\2017 Coco","prebuilt_2017_coco.json","0","True"
"Characters\Disney Stories\2020 Onward","13","C:\Users\Craig\Downloads\Charlie Chat\lib\data\boards\Legends\Characters\Disney Stories\2020 Onward","prebuilt_2020_onward.json","0","True"
"Characters\Disney Stories\2020 Soul","7","C:\Users\Craig\Downloads\Charlie Chat\lib\data\boards\Legends\Characters\Disney Stories\2020 Soul","prebuilt_2020_soul.json","0","True"
"Characters\Disney Stories\2021 Encanto","14","C:\Users\Craig\Downloads\Charlie Chat\lib\data\boards\Legends\Characters\Disney Stories\2021 Encanto","prebuilt_2021_encanto.json","0","True"
"Characters\Disney Stories\2021 Luca","9","C:\Users\Craig\Downloads\Charlie Chat\lib\data\boards\Legends\Characters\Disney Stories\2021 Luca","prebuilt_2021_luca.json","0","True"
"Characters\Disney Stories\2021 Raya and The Last Dragon","10","C:\Users\Craig\Downloads\Charlie Chat\lib\data\boards\Legends\Characters\Disney Stories\2021 Raya and The Last Dragon","prebuilt_2021_raya_the_last_dragon.json","0","True"
"Characters\Disney Stories\2022 Strange World","12","C:\Users\Craig\Downloads\Charlie Chat\lib\data\boards\Legends\Characters\Disney Stories\2022 Strange World","prebuilt_2022_strange_world.json","0","True"
"Characters\Disney Stories\2022 Turning Red","9","C:\Users\Craig\Downloads\Charlie Chat\lib\data\boards\Legends\Characters\Disney Stories\2022 Turning Red","prebuilt_2022_turning_red.json","0","True"
"Characters\Disney Stories\2023 Elemental","9","C:\Users\Craig\Downloads\Charlie Chat\lib\data\boards\Legends\Characters\Disney Stories\2023 Elemental","prebuilt_2023_elemental.json","0","True"
"Characters\Disney Stories\2023 Wish","9","C:\Users\Craig\Downloads\Charlie Chat\lib\data\boards\Legends\Characters\Disney Stories\2023 Wish","prebuilt_2023_wish.json","0","True"
"Characters\Disney Stories\2025 Elio","12","C:\Users\Craig\Downloads\Charlie Chat\lib\data\boards\Legends\Characters\Disney Stories\2025 Elio","prebuilt_2025_elio.json","0","True"
"Characters\Disney Stories\Mickey and Friends","15","C:\Users\Craig\Downloads\Charlie Chat\lib\data\boards\Legends\Characters\Disney Stories\Mickey and Friends","prebuilt_mickey_friends.json","0","True"
"Characters\DnD\DnD Classes","15","C:\Users\Craig\Downloads\Charlie Chat\lib\data\boards\Legends\Characters\DnD\DnD Classes","",,"True"
"Characters\DnD\DnD Magic and Status","14","C:\Users\Craig\Downloads\Charlie Chat\lib\data\boards\Legends\Characters\DnD\DnD Magic and Status","",,"True"
"Characters\DnD\DnD Races","25","C:\Users\Craig\Downloads\Charlie Chat\lib\data\boards\Legends\Characters\DnD\DnD Races","",,"True"
"Characters\Gods, Titans, Heroes and Monsters\Egyptian Gods","35","C:\Users\Craig\Downloads\Charlie Chat\lib\data\boards\Legends\Characters\Gods, Titans, Heroes and Monsters\Egyptian Gods","prebuilt_egyptian_gods.json","0","True"
"Characters\Gods, Titans, Heroes and Monsters\Norse Gods","62","C:\Users\Craig\Downloads\Charlie Chat\lib\data\boards\Legends\Characters\Gods, Titans, Heroes and Monsters\Norse Gods","prebuilt_norse_gods.json","0","True"
"Characters\Gods, Titans, Heroes and Monsters\Other Mythology","12","C:\Users\Craig\Downloads\Charlie Chat\lib\data\boards\Legends\Characters\Gods, Titans, Heroes and Monsters\Other Mythology","prebuilt_other_mythology.json","0","True"
"Characters\Gods, Titans, Heroes and Monsters\Roman Unique Gods","4","C:\Users\Craig\Downloads\Charlie Chat\lib\data\boards\Legends\Characters\Gods, Titans, Heroes and Monsters\Roman Unique Gods","",,"True"
"Characters\Gods, Titans, Heroes and Monsters\Greek Gods\Olympians","23","C:\Users\Craig\Downloads\Charlie Chat\lib\data\boards\Legends\Characters\Gods, Titans, Heroes and Monsters\Greek Gods\Olympians","",,"True"
"Characters\Gods, Titans, Heroes and Monsters\Greek Gods\Titans","22","C:\Users\Craig\Downloads\Charlie Chat\lib\data\boards\Legends\Characters\Gods, Titans, Heroes and Monsters\Greek Gods\Titans","",,"True"
"Characters\Gods, Titans, Heroes and Monsters\Norse Gods\Norse Heroes","24","C:\Users\Craig\Downloads\Charlie Chat\lib\data\boards\Legends\Characters\Gods, Titans, Heroes and Monsters\Norse Gods\Norse Heroes","",,"True"
"Characters\Gods, Titans, Heroes and Monsters\Norse Gods\Norse Locations","16","C:\Users\Craig\Downloads\Charlie Chat\lib\data\boards\Legends\Characters\Gods, Titans, Heroes and Monsters\Norse Gods\Norse Locations","",,"True"
"Characters\Gods, Titans, Heroes and Monsters\Norse Gods\Norse Races","13","C:\Users\Craig\Downloads\Charlie Chat\lib\data\boards\Legends\Characters\Gods, Titans, Heroes and Monsters\Norse Gods\Norse Races","",,"True"
"Characters\Gods, Titans, Heroes and Monsters\Norse Gods\Norse Valkyries","10","C:\Users\Craig\Downloads\Charlie Chat\lib\data\boards\Legends\Characters\Gods, Titans, Heroes and Monsters\Norse Gods\Norse Valkyries","",,"True"
"Characters\Marvel\Ant-Man","7","C:\Users\Craig\Downloads\Charlie Chat\lib\data\boards\Legends\Characters\Marvel\Ant-Man","",,"True"
"Characters\Marvel\Black Panther","8","C:\Users\Craig\Downloads\Charlie Chat\lib\data\boards\Legends\Characters\Marvel\Black Panther","",,"True"
"Characters\Marvel\Black Widow and Hawkeye","9","C:\Users\Craig\Downloads\Charlie Chat\lib\data\boards\Legends\Characters\Marvel\Black Widow and Hawkeye","",,"True"
"Characters\Marvel\Captain America","10","C:\Users\Craig\Downloads\Charlie Chat\lib\data\boards\Legends\Characters\Marvel\Captain America","",,"True"
"Characters\Marvel\Deadpool","7","C:\Users\Craig\Downloads\Charlie Chat\lib\data\boards\Legends\Characters\Marvel\Deadpool","",,"True"
"Characters\Marvel\Doctor Strange","8","C:\Users\Craig\Downloads\Charlie Chat\lib\data\boards\Legends\Characters\Marvel\Doctor Strange","",,"True"
"Characters\Marvel\Eternals","10","C:\Users\Craig\Downloads\Charlie Chat\lib\data\boards\Legends\Characters\Marvel\Eternals","",,"True"
"Characters\Marvel\Fantastic 4","11","C:\Users\Craig\Downloads\Charlie Chat\lib\data\boards\Legends\Characters\Marvel\Fantastic 4","",,"True"
"Characters\Marvel\Guardians Of The Galaxy","13","C:\Users\Craig\Downloads\Charlie Chat\lib\data\boards\Legends\Characters\Marvel\Guardians Of The Galaxy","",,"True"
"Characters\Marvel\Hulk","10","C:\Users\Craig\Downloads\Charlie Chat\lib\data\boards\Legends\Characters\Marvel\Hulk","",,"True"
"Characters\Marvel\Inhumans","9","C:\Users\Craig\Downloads\Charlie Chat\lib\data\boards\Legends\Characters\Marvel\Inhumans","",,"True"
"Characters\Marvel\Iron Man","13","C:\Users\Craig\Downloads\Charlie Chat\lib\data\boards\Legends\Characters\Marvel\Iron Man","",,"True"
"Characters\Marvel\Scarlet Witch","8","C:\Users\Craig\Downloads\Charlie Chat\lib\data\boards\Legends\Characters\Marvel\Scarlet Witch","",,"True"
"Characters\Marvel\Spiderman","29","C:\Users\Craig\Downloads\Charlie Chat\lib\data\boards\Legends\Characters\Marvel\Spiderman","",,"True"
"Characters\Marvel\The Avengers","9","C:\Users\Craig\Downloads\Charlie Chat\lib\data\boards\Legends\Characters\Marvel\The Avengers","",,"True"
"Characters\Marvel\The Defenders and Street Level","22","C:\Users\Craig\Downloads\Charlie Chat\lib\data\boards\Legends\Characters\Marvel\The Defenders and Street Level","",,"True"
"Characters\Marvel\Thor","12","C:\Users\Craig\Downloads\Charlie Chat\lib\data\boards\Legends\Characters\Marvel\Thor","",,"True"
"Characters\Marvel\Villains","16","C:\Users\Craig\Downloads\Charlie Chat\lib\data\boards\Legends\Characters\Marvel\Villains","",,"True"
"Characters\Pokemon\Pokeballs and Important Items","10","C:\Users\Craig\Downloads\Charlie Chat\lib\data\boards\Legends\Characters\Pokemon\Pokeballs and Important Items","",,"True"
"Characters\Pokemon\Pokemon - Generation 1 (Fire Red, Leaf Green, Ocean Blue, Lightning Yellow)","153","C:\Users\Craig\Downloads\Charlie Chat\lib\data\boards\Legends\Characters\Pokemon\Pokemon - Generation 1 (Fire Red, Leaf Green, Ocean Blue, Lightning Yellow)","",,"True"
"Characters\Pokemon\Pokemon - Generation 2 (Silver and Gold)","102","C:\Users\Craig\Downloads\Charlie Chat\lib\data\boards\Legends\Characters\Pokemon\Pokemon - Generation 2 (Silver and Gold)","",,"True"
"Characters\Star Trek\Starships","29","C:\Users\Craig\Downloads\Charlie Chat\lib\data\boards\Legends\Characters\Star Trek\Starships","prebuilt_starships.json","0","True"
"Characters\X-Men\Anti-Mutant Threats","9","C:\Users\Craig\Downloads\Charlie Chat\lib\data\boards\Legends\Characters\X-Men\Anti-Mutant Threats","",,"True"
"Characters\X-Men\Apocalypse and The Horsemen","4","C:\Users\Craig\Downloads\Charlie Chat\lib\data\boards\Legends\Characters\X-Men\Apocalypse and The Horsemen","",,"True"
"Characters\X-Men\Brotherhood of Mutants","11","C:\Users\Craig\Downloads\Charlie Chat\lib\data\boards\Legends\Characters\X-Men\Brotherhood of Mutants","",,"True"
"Characters\X-Men\Generation X","7","C:\Users\Craig\Downloads\Charlie Chat\lib\data\boards\Legends\Characters\X-Men\Generation X","",,"True"
"Characters\X-Men\Hellfire Club","7","C:\Users\Craig\Downloads\Charlie Chat\lib\data\boards\Legends\Characters\X-Men\Hellfire Club","",,"True"
"Characters\X-Men\Major Villains","5","C:\Users\Craig\Downloads\Charlie Chat\lib\data\boards\Legends\Characters\X-Men\Major Villains","",,"True"
"Characters\X-Men\Marauders","4","C:\Users\Craig\Downloads\Charlie Chat\lib\data\boards\Legends\Characters\X-Men\Marauders","",,"True"
"Characters\X-Men\Morlocks","4","C:\Users\Craig\Downloads\Charlie Chat\lib\data\boards\Legends\Characters\X-Men\Morlocks","",,"True"
"Characters\X-Men\New Mutants","8","C:\Users\Craig\Downloads\Charlie Chat\lib\data\boards\Legends\Characters\X-Men\New Mutants","",,"True"
"Characters\X-Men\Other","24","C:\Users\Craig\Downloads\Charlie Chat\lib\data\boards\Legends\Characters\X-Men\Other","",,"True"
"Characters\X-Men\Weapon Program","5","C:\Users\Craig\Downloads\Charlie Chat\lib\data\boards\Legends\Characters\X-Men\Weapon Program","",,"True"
"Characters\X-Men\X-Factor and Excalibur","11","C:\Users\Craig\Downloads\Charlie Chat\lib\data\boards\Legends\Characters\X-Men\X-Factor and Excalibur","",,"True"
"Characters\X-Men\X-Force","8","C:\Users\Craig\Downloads\Charlie Chat\lib\data\boards\Legends\Characters\X-Men\X-Force","",,"True"
"Characters\X-Men\X-Men","20","C:\Users\Craig\Downloads\Charlie Chat\lib\data\boards\Legends\Characters\X-Men\X-Men","",,"True"
"Characters\X-Men\X-Men Later Additions","5","C:\Users\Craig\Downloads\Charlie Chat\lib\data\boards\Legends\Characters\X-Men\X-Men Later Additions","",,"True"
"Characters\X-Men\Xavier's Students","9","C:\Users\Craig\Downloads\Charlie Chat\lib\data\boards\Legends\Characters\X-Men\Xavier's Students","",,"True"
